{"cameraMode":{"drawMode":0,"name":"Shaded","section":"Shading Mode"},"sceneLighting":false,"audioPlay":false,"sceneViewState":{"m_AlwaysRefresh":false,"showFog":true,"showSkybox":false,"showFlares":true,"showImageEffects":true,"showParticleSystems":true,"showVisualEffectGraphs":true,"m_FxEnabled":false},"in2DMode":false,"pivot":{"x":-0.000006771646440029144,"y":0.07320544123649597,"z":1.4784745872020722e-8},"rotation":{"x":0.0859004557132721,"y":0.7039855122566223,"z":-0.08634316176176071,"w":0.699771523475647},"size":0.07357338070869446,"orthographic":false}