{"cameraMode":{"drawMode":0,"name":"Shaded","section":"Shading Mode"},"sceneLighting":false,"audioPlay":false,"sceneViewState":{"m_AlwaysRefresh":false,"showFog":true,"showSkybox":false,"showFlares":true,"showImageEffects":true,"showParticleSystems":true,"showVisualEffectGraphs":true,"m_FxEnabled":false},"in2DMode":false,"pivot":{"x":0.10840719938278198,"y":0.0025000572204589845,"z":-0.13229477405548097},"rotation":{"x":-0.08462081849575043,"y":0.5899733304977417,"z":-0.062359005212783816,"w":-0.8005598187446594},"size":2.525836706161499,"orthographic":false}