{"cameraMode":{"drawMode":0,"name":"Shaded","section":"Shading Mode"},"sceneLighting":false,"audioPlay":false,"sceneViewState":{"m_AlwaysRefresh":false,"showFog":true,"showSkybox":false,"showFlares":true,"showImageEffects":true,"showParticleSystems":true,"showVisualEffectGraphs":true,"m_FxEnabled":false},"in2DMode":false,"pivot":{"x":-5.960464477539063e-8,"y":0.05050259828567505,"z":0.06105244159698486},"rotation":{"x":0.0012221174547448755,"y":0.9906038045883179,"z":-0.1369703859090805,"w":0.008981972932815552},"size":1.3736778497695923,"orthographic":false}