{"cameraMode":{"drawMode":0,"name":"Shaded","section":"Shading Mode"},"sceneLighting":false,"audioPlay":false,"sceneViewState":{"m_AlwaysRefresh":false,"showFog":true,"showSkybox":false,"showFlares":true,"showImageEffects":true,"showParticleSystems":true,"showVisualEffectGraphs":true,"m_FxEnabled":false},"in2DMode":false,"pivot":{"x":0.00015249103307724,"y":0.0009171939454972744,"z":-0.00019287317991256714},"rotation":{"x":0.0859004557132721,"y":0.7039855122566223,"z":-0.08634316176176071,"w":0.699771523475647},"size":0.04981989413499832,"orthographic":false}