{"cameraMode":{"drawMode":0,"name":"Shaded","section":"Shading Mode"},"sceneLighting":false,"audioPlay":false,"sceneViewState":{"m_AlwaysRefresh":false,"showFog":true,"showSkybox":false,"showFlares":true,"showImageEffects":true,"showParticleSystems":true,"showVisualEffectGraphs":true,"m_FxEnabled":false},"in2DMode":false,"pivot":{"x":2.056896686553955,"y":9.149999618530274,"z":0.18040281534194947},"rotation":{"x":-0.2595045566558838,"y":-0.04575793072581291,"z":0.012311406433582306,"w":-0.9645845293998718},"size":1.9346712827682496,"orthographic":false}