{"cameraMode":{"drawMode":0,"name":"Shaded","section":"Shading Mode"},"sceneLighting":false,"audioPlay":false,"sceneViewState":{"m_AlwaysRefresh":false,"showFog":true,"showSkybox":false,"showFlares":true,"showImageEffects":true,"showParticleSystems":true,"showVisualEffectGraphs":true,"m_FxEnabled":false},"in2DMode":false,"pivot":{"x":0.04632425308227539,"y":1.075766921043396,"z":-1.0122016668319703},"rotation":{"x":0.16069506108760835,"y":-0.007403532043099403,"z":0.0011968119069933892,"w":0.9869849681854248},"size":0.9943687319755554,"orthographic":false}