{"cameraMode":{"drawMode":0,"name":"Shaded","section":"Shading Mode"},"sceneLighting":false,"audioPlay":false,"sceneViewState":{"m_AlwaysRefresh":false,"showFog":true,"showSkybox":false,"showFlares":true,"showImageEffects":true,"showParticleSystems":true,"showVisualEffectGraphs":true,"m_FxEnabled":false},"in2DMode":false,"pivot":{"x":-3.725290298461914e-9,"y":0.021946951746940614,"z":3.725290298461914e-9},"rotation":{"x":0.09995424747467041,"y":0.6917675137519836,"z":-0.09751340001821518,"w":0.7085681557655335},"size":0.046803493052721027,"orthographic":false}