{"cameraMode":{"drawMode":0,"name":"Shaded","section":"Shading Mode"},"sceneLighting":false,"audioPlay":false,"sceneViewState":{"m_AlwaysRefresh":false,"showFog":true,"showSkybox":false,"showFlares":true,"showImageEffects":true,"showParticleSystems":true,"showVisualEffectGraphs":true,"m_FxEnabled":false},"in2DMode":false,"pivot":{"x":8.045000076293946,"y":7.3550004959106449,"z":-0.03849995136260986},"rotation":{"x":-0.2595045566558838,"y":-0.04575793072581291,"z":0.012311406433582306,"w":-0.9645845293998718},"size":1.582603096961975,"orthographic":false}