{"cameraMode":{"drawMode":0,"name":"Shaded","section":"Shading Mode"},"sceneLighting":false,"audioPlay":false,"sceneViewState":{"m_AlwaysRefresh":false,"showFog":true,"showSkybox":false,"showFlares":true,"showImageEffects":true,"showParticleSystems":true,"showVisualEffectGraphs":true,"m_FxEnabled":true},"in2DMode":false,"pivot":{"x":0.030000030994415284,"y":1.7530518770217896,"z":-0.5011875033378601},"rotation":{"x":0.18228085339069367,"y":-0.3040832579135895,"z":0.059380050748586658,"w":0.9331841468811035},"size":0.8050794005393982,"orthographic":false}