{"cameraMode":{"drawMode":0,"name":"Shaded","section":"Shading Mode"},"sceneLighting":false,"audioPlay":false,"sceneViewState":{"m_AlwaysRefresh":false,"showFog":true,"showSkybox":false,"showFlares":true,"showImageEffects":true,"showParticleSystems":true,"showVisualEffectGraphs":true,"m_FxEnabled":false},"in2DMode":false,"pivot":{"x":180.06219482421876,"y":1023.7522583007813,"z":5.201027870178223},"rotation":{"x":0.10121694207191467,"y":-0.011938122101128102,"z":0.0012149905087426305,"w":0.9947938919067383},"size":185.97509765625,"orthographic":false}