{"cameraMode":{"drawMode":0,"name":"Shaded","section":"Shading Mode"},"sceneLighting":false,"audioPlay":false,"sceneViewState":{"m_AlwaysRefresh":false,"showFog":true,"showSkybox":false,"showFlares":true,"showImageEffects":true,"showParticleSystems":true,"showVisualEffectGraphs":true,"m_FxEnabled":false},"in2DMode":false,"pivot":{"x":0.36313751339912417,"y":0.20498022437095643,"z":0.8428454399108887},"rotation":{"x":0.001246671425178647,"y":-0.9977453351020813,"z":0.02036183886229992,"w":0.06473364681005478},"size":1.6713030338287354,"orthographic":false}