{"cameraMode":{"drawMode":0,"name":"Shaded","section":"Shading Mode"},"sceneLighting":false,"audioPlay":false,"sceneViewState":{"m_AlwaysRefresh":false,"showFog":true,"showSkybox":false,"showFlares":true,"showImageEffects":true,"showParticleSystems":true,"showVisualEffectGraphs":true,"m_FxEnabled":false},"in2DMode":false,"pivot":{"x":0.1916111707687378,"y":1.6102726459503174,"z":-0.31280356645584109},"rotation":{"x":0.16513651609420777,"y":0.011834898963570595,"z":-0.001937906607054174,"w":0.9862479567527771},"size":0.7552497386932373,"orthographic":false}