{"cameraMode":{"drawMode":0,"name":"Shaded","section":"Shading Mode"},"sceneLighting":true,"audioPlay":false,"sceneViewState":{"m_AlwaysRefresh":false,"showFog":true,"showSkybox":true,"showFlares":true,"showImageEffects":true,"showParticleSystems":true,"showVisualEffectGraphs":true,"m_FxEnabled":true},"in2DMode":false,"pivot":{"x":-0.5247921347618103,"y":2.0446019172668459,"z":11.925666809082032},"rotation":{"x":-0.03754342347383499,"y":-0.31670451164245608,"z":-0.012574739754199982,"w":0.9477380514144898},"size":2.527034044265747,"orthographic":false}