{"cameraMode":{"drawMode":0,"name":"Shaded","section":"Shading Mode"},"sceneLighting":false,"audioPlay":false,"sceneViewState":{"m_AlwaysRefresh":false,"showFog":true,"showSkybox":false,"showFlares":true,"showImageEffects":true,"showParticleSystems":true,"showVisualEffectGraphs":true,"m_FxEnabled":false},"in2DMode":false,"pivot":{"x":-0.01469123363494873,"y":-0.013335227966308594,"z":0.014596343040466309},"rotation":{"x":-0.2098141610622406,"y":0.25808316469192507,"z":-0.05752437189221382,"w":-0.9413138031959534},"size":1.893164873123169,"orthographic":false}