{"cameraMode":{"drawMode":0,"name":"Shaded","section":"Shading Mode"},"sceneLighting":false,"audioPlay":false,"sceneViewState":{"m_AlwaysRefresh":false,"showFog":true,"showSkybox":false,"showFlares":true,"showImageEffects":true,"showParticleSystems":true,"showVisualEffectGraphs":true,"m_FxEnabled":false},"in2DMode":false,"pivot":{"x":-9.313225746154786e-10,"y":0.10902436077594757,"z":3.5390257835388186e-8},"rotation":{"x":0.0859004557132721,"y":0.7039855122566223,"z":-0.08634316176176071,"w":0.699771523475647},"size":0.11014417558908463,"orthographic":false}