{"cameraMode":{"drawMode":0,"name":"Shaded","section":"Shading Mode"},"sceneLighting":false,"audioPlay":false,"sceneViewState":{"m_AlwaysRefresh":false,"showFog":true,"showSkybox":false,"showFlares":true,"showImageEffects":true,"showParticleSystems":true,"showVisualEffectGraphs":true,"m_FxEnabled":true},"in2DMode":false,"pivot":{"x":1.1927063465118409,"y":1.0302906036376954,"z":-18.203983306884767},"rotation":{"x":-0.018592245876789094,"y":0.029990311712026597,"z":0.0005576525582000613,"w":0.999381422996521},"size":-1.1376867294311524,"orthographic":false}