{"cameraMode":{"drawMode":0,"name":"Shaded","section":"Shading Mode"},"sceneLighting":false,"audioPlay":false,"sceneViewState":{"m_AlwaysRefresh":false,"showFog":true,"showSkybox":false,"showFlares":true,"showImageEffects":true,"showParticleSystems":true,"showVisualEffectGraphs":true,"m_FxEnabled":false},"in2DMode":false,"pivot":{"x":-0.07766783237457276,"y":-0.1637592315673828,"z":-0.03813287615776062},"rotation":{"x":-0.2098141610622406,"y":0.25808316469192507,"z":-0.05752437189221382,"w":-0.9413138031959534},"size":3.2014966011047365,"orthographic":false}