{"cameraMode":{"drawMode":0,"name":"Shaded","section":"Shading Mode"},"sceneLighting":false,"audioPlay":false,"sceneViewState":{"m_AlwaysRefresh":false,"showFog":true,"showSkybox":false,"showFlares":true,"showImageEffects":true,"showParticleSystems":true,"showVisualEffectGraphs":true,"m_FxEnabled":false},"in2DMode":false,"pivot":{"x":-0.7731207609176636,"y":0.9764444828033447,"z":1.2055329084396363},"rotation":{"x":0.13385440409183503,"y":0.4483844041824341,"z":-0.06846167892217636,"w":0.8812518119812012},"size":2.2265942096710207,"orthographic":false}