{"cameraMode":{"drawMode":0,"name":"Shaded","section":"Shading Mode"},"sceneLighting":false,"audioPlay":false,"sceneViewState":{"m_AlwaysRefresh":false,"showFog":true,"showSkybox":false,"showFlares":true,"showImageEffects":true,"showParticleSystems":true,"showVisualEffectGraphs":true,"m_FxEnabled":false},"in2DMode":false,"pivot":{"x":7.450580596923828e-9,"y":0.10918375849723816,"z":0.0038774488493800165},"rotation":{"x":0.0859004557132721,"y":0.7039855122566223,"z":-0.08634316176176071,"w":0.699771523475647},"size":0.1214803159236908,"orthographic":false}