{"cameraMode":{"drawMode":0,"name":"Shaded","section":"Shading Mode"},"sceneLighting":false,"audioPlay":false,"sceneViewState":{"m_AlwaysRefresh":false,"showFog":true,"showSkybox":false,"showFlares":true,"showImageEffects":true,"showParticleSystems":true,"showVisualEffectGraphs":true,"m_FxEnabled":false},"in2DMode":false,"pivot":{"x":-0.0006485059857368469,"y":0.16213358938694,"z":0.03189939633011818},"rotation":{"x":0.0859004557132721,"y":0.7039855122566223,"z":-0.08634316176176071,"w":0.699771523475647},"size":0.17008566856384278,"orthographic":false}