{"cameraMode":{"drawMode":0,"name":"Shaded","section":"Shading Mode"},"sceneLighting":false,"audioPlay":false,"sceneViewState":{"m_AlwaysRefresh":false,"showFog":true,"showSkybox":false,"showFlares":true,"showImageEffects":true,"showParticleSystems":true,"showVisualEffectGraphs":true,"m_FxEnabled":false},"in2DMode":false,"pivot":{"x":-2.557361602783203,"y":-1.5142841339111329,"z":-8.756226539611817},"rotation":{"x":-0.2915142774581909,"y":-0.0022975553292781116,"z":0.0007005598745308816,"w":-0.9565642476081848},"size":13.057503700256348,"orthographic":false}