{"cameraMode":{"drawMode":0,"name":"Shaded","section":"Shading Mode"},"sceneLighting":false,"audioPlay":false,"sceneViewState":{"m_AlwaysRefresh":false,"showFog":true,"showSkybox":false,"showFlares":true,"showImageEffects":true,"showParticleSystems":true,"showVisualEffectGraphs":true,"m_FxEnabled":false},"in2DMode":false,"pivot":{"x":0.14542925357818604,"y":-0.2720932364463806,"z":-0.13754093647003175},"rotation":{"x":-0.2098141610622406,"y":0.25808316469192507,"z":-0.05752437189221382,"w":-0.9413138031959534},"size":2.0093393325805666,"orthographic":false}